[
  {
    "id": "8005558d-ba39-4cfd-b963-5e4c2a6f7f24",
    "data": [
      {
        "text": "que ",
        "userDefined": false
      },
      {
        "text": "carnes",
        "meta": "@sys.last-name",
        "alias": "last-name",
        "userDefined": false
      },
      {
        "text": " hay ?",
        "userDefined": false
      }
    ],
    "isTemplate": false,
    "count": 0,
    "lang": "es",
    "updated": 0
  },
  {
    "id": "4872a32f-48bf-4da6-91c7-69b661bf8bc6",
    "data": [
      {
        "text": "que ",
        "userDefined": false
      },
      {
        "text": "hamburguesas",
        "meta": "@sys.location",
        "alias": "location",
        "userDefined": false
      },
      {
        "text": "  tienen?",
        "userDefined": false
      }
    ],
    "isTemplate": false,
    "count": 0,
    "lang": "es",
    "updated": 0
  },
  {
    "id": "328b8cb2-57b2-449c-b454-16e5deec5c75",
    "data": [
      {
        "text": "Que tienen",
        "userDefined": false
      }
    ],
    "isTemplate": false,
    "count": 0,
    "lang": "es",
    "updated": 0
  }
]