[
  {
    "id": "f424c383-584c-43cc-a2b2-583de7be25e0",
    "data": [
      {
        "text": "Cual ",
        "userDefined": false
      },
      {
        "text": "es",
        "meta": "@sys.location",
        "alias": "location",
        "userDefined": false
      },
      {
        "text": " su dirección?",
        "userDefined": false
      }
    ],
    "isTemplate": false,
    "count": 0,
    "lang": "es",
    "updated": 0
  },
  {
    "id": "e14bc1e2-7883-4091-874e-2d6cc212628b",
    "data": [
      {
        "text": "En donde están ubicados?",
        "userDefined": false
      }
    ],
    "isTemplate": false,
    "count": 0,
    "lang": "es",
    "updated": 0
  },
  {
    "id": "c39a7770-4add-4e4b-9f1e-b59e17a540e0",
    "data": [
      {
        "text": "Donde los puedo encontrar?",
        "userDefined": false
      }
    ],
    "isTemplate": false,
    "count": 0,
    "lang": "es",
    "updated": 0
  }
]